{"acc": [0.709601879119873, 0.8629976511001587, 0.8922716379165649, 0.921545684337616, 0.9531615972518921, 0.9473068118095398, 0.9437938928604126, 0.9367681741714478, 0.9777517318725586, 0.9672130942344666, 0.9730679392814636, 0.9508196711540222, 0.9800936579704285, 0.9777517318725586, 0.9812646508216858, 0.9637002348899841, 0.9836065769195557, 0.976580798625946, 0.9672130942344666, 0.9777517318725586, 0.9847775101661682, 0.9871194362640381, 0.9918032884597778, 0.9789227247238159, 0.9847775101661682, 0.9906322956085205, 0.9847775101661682, 0.989461362361908, 0.9882903695106506, 0.9918032884597778], "loss": [1.74425208568573, 0.5558146238327026, 0.4401644170284271, 0.3079190254211426, 0.24086135625839233, 0.33544760942459106, 0.3608516752719879, 0.3021024167537689, 0.09061819314956665, 0.21808089315891266, 0.12678657472133636, 0.3183229863643646, 0.08326908946037292, 0.06715571880340576, 0.09945100545883179, 0.216079980134964, 0.08270220458507538, 0.149236798286438, 0.24839767813682556, 0.09424798935651779, 0.04710886999964714, 0.07301721721887589, 0.04202956706285477, 0.10293430089950562, 0.1354219913482666, 0.04345250502228737, 0.11404091119766235, 0.035482749342918396, 0.07380732893943787, 0.05493801459670067], "val_acc": [0.3708920180797577, 0.3708920180797577, 0.3849765360355377, 0.4553990662097931, 0.3802816867828369, 0.3802816867828369, 0.3802816867828369, 0.39436620473861694, 0.8779342770576477, 0.40375587344169617, 0.9248826503753662, 0.737089216709137, 0.4647887349128723, 0.5821596384048462, 0.9436619877815247, 0.9577465057373047, 0.9436619877815247, 0.5352112650871277, 0.9014084339141846, 0.7605633735656738, 0.8920187950134277, 0.7323943376541138, 0.6760563254356384, 0.48826292157173157, 0.9624413251876831, 0.9577465057373047, 0.9248826503753662, 0.8873239159584045, 0.7793427109718323, 0.5023474097251892], "val_loss": [14.416935920715332, 12.880114555358887, 2.6232571601867676, 2.81178617477417, 10.532735824584961, 16.771448135375977, 12.834016799926758, 12.317842483520508, 0.7697137594223022, 11.779024124145508, 0.4416196942329407, 2.131402015686035, 5.843275547027588, 5.247958660125732, 0.4215393662452698, 0.5370128750801086, 0.447813481092453, 4.022994041442871, 0.7961942553520203, 2.828063726425171, 0.9383016228675842, 2.8904197216033936, 6.197452068328857, 5.2311530113220215, 0.29626503586769104, 0.44919130206108093, 0.6525470018386841, 0.7371810674667358, 2.334817886352539, 7.913037300109863]}